Sno,Country,City,Company,LINKDLN LINK,Website,Tech Need / Problem,EMAIL,CONTACT,Google Maps,Clean_Category,Review,Conversion_Probability,Company_Name_Length,Company_Word_Count,Category_Frequency,City_Frequency,City_Encoded,Category_Encoded,Predicted_Probability,Lead_Priority_Tier
1,India,Bhilwara,Payal kashida kendra and Services,,,,,9928687731,Payal kashida kendra and Services,Services,,0.15,33,5,46,3,0,29,0.15000000000000024,Low Probability Tier (Priority 3)
2,India,Bhilwara,Mateshwari Cloth,,,,,9460576101,Mateshwari Cloth,Store,,0.15,16,2,22,3,0,31,0.15000000000000024,Low Probability Tier (Priority 3)
3,India,Bhilwara,Vastram BEST MEN'S WEAR SHOP IN Bhilwara,,,,,8005581186,Vastram BEST MEN'S WEAR SHOP IN Bhilwara,Store,,0.15,40,7,22,3,0,31,0.15000000000000024,Low Probability Tier (Priority 3)
4,India,Jaipur,Heera Medicals,,,,,9829007085,Heera Medicals,Pharmacy,4.6,0.85,14,2,62,281,1,23,0.8499999999999994,High Probability Tier (Priority 1)
5,India,Jaipur,Ram Singh Medicals,,,,,1412575731,Ram Singh Medicals,Pharmacy,4.7,0.85,18,3,62,281,1,23,0.8499999999999994,High Probability Tier (Priority 1)
6,India,Jaipur,Karol Medical,,,,,8107112678,Karol Medical,Pharmacy,4.0,0.85,13,2,62,281,1,23,0.8499999999999994,High Probability Tier (Priority 1)
7,India,Jaipur,Pravesh Medical&Grocery Store Stor,,,,,9887277007,Pravesh Medical&Grocery Store Stor,Pharmacy,4.3,0.85,34,4,62,281,1,23,0.8499999999999994,High Probability Tier (Priority 1)
8,India,Jaipur,Jaipur Medical,,,,,7568595999,Jaipur Medical,Pharmacy,5.0,0.85,14,2,62,281,1,23,0.8499999999999994,High Probability Tier (Priority 1)
9,India,Jaipur,Laxmi Medicaland Grocery Store Store,,,,,9928445732,Laxmi Medicaland Grocery Store Store,Pharmacy,4.6,0.85,36,5,62,281,1,23,0.8499999999999994,High Probability Tier (Priority 1)
10,India,Jaipur,bahubali Medicaland journal store,,,,,9928648162,bahubali Medicaland journal store,Pharmacy,4.4,0.85,33,4,62,281,1,23,0.8499999999999994,High Probability Tier (Priority 1)
11,India,Jaipur,Ganesh Medical,,,,,1412783634,Ganesh Medical,Pharmacy,4.4,0.85,14,2,62,281,1,23,0.8499999999999994,High Probability Tier (Priority 1)
12,India,Jaipur,Goyal Medical,,,,,9314531821,Goyal Medical,Pharmacy,4.3,0.85,13,2,62,281,1,23,0.8499999999999994,High Probability Tier (Priority 1)
13,India,Jaipur,Vaishali Medicaland Grocery Store,,,,,9461128920,Vaishali Medicaland Grocery Store,Pharmacy,4.2,0.85,33,4,62,281,1,23,0.8499999999999994,High Probability Tier (Priority 1)
14,India,Jaipur,Kohli Grocery Store,,,,,9982666441,Kohli Grocery Store,Pharmacy,4.2,0.85,19,3,62,281,1,23,0.8499999999999994,High Probability Tier (Priority 1)
15,India,Jaipur,Veena Grocery Store Store,,,,,9352912661,Veena Grocery Store Store,Pharmacy,4.3,0.85,25,4,62,281,1,23,0.8499999999999994,High Probability Tier (Priority 1)
16,India,Jaipur,Sunita Grocery Store Store,,,,,1412701364,Sunita Grocery Store Store,Pharmacy,4.4,0.85,26,4,62,281,1,23,0.8499999999999994,High Probability Tier (Priority 1)
17,India,Jaipur,Rajeev Medical,,,,,9928491480,Rajeev Medical,Pharmacy,4.6,0.85,14,2,62,281,1,23,0.8499999999999994,High Probability Tier (Priority 1)
18,India,Jaipur,Siyaram Grocery Store Store,,,,,1412724739,Siyaram Grocery Store Store,Pharmacy,4.1,0.85,27,4,62,281,1,23,0.8499999999999994,High Probability Tier (Priority 1)
19,India,Jaipur,Jai Shree Medical,,,,,7611923934,Jai Shree Medical,Pharmacy,4.5,0.85,17,3,62,281,1,23,0.8499999999999994,High Probability Tier (Priority 1)
20,India,Jaipur,Adarsh Grocery Store,,,,,1412710312,Adarsh Grocery Store,Pharmacy,4.5,0.85,20,3,62,281,1,23,0.8499999999999994,High Probability Tier (Priority 1)
21,India,Jaipur,Jindal Medical,,,,,8560935095,Jindal Medical,Pharmacy,4.3,0.85,14,2,62,281,1,23,0.8499999999999994,High Probability Tier (Priority 1)
22,India,Jaipur,KRISHNA Grocery Store STORE,,,,,9829023487,KRISHNA Grocery Store STORE,Pharmacy,4.8,0.85,27,4,62,281,1,23,0.8499999999999994,High Probability Tier (Priority 1)
23,India,Jaipur,Mayank Medical,,,,,9829822047,Mayank Medical,Pharmacy,4.6,0.85,14,2,62,281,1,23,0.8499999999999994,High Probability Tier (Priority 1)
24,India,Jaipur,BALA JI MedicalAND Grocery Store,,,,,8529565102,BALA JI MedicalAND Grocery Store,Pharmacy,4.8,0.85,32,5,62,281,1,23,0.8499999999999994,High Probability Tier (Priority 1)
25,India,Jaipur,Shekhawati Medicaland Grocery Store,,,,,9414978516,Shekhawati Medicaland Grocery Store,Pharmacy,4.9,0.85,35,4,62,281,1,23,0.8499999999999994,High Probability Tier (Priority 1)
26,India,Jaipur,Shree Shyam Medical,,,,,9828920826,Shree Shyam Medical,Pharmacy,4.4,0.85,19,3,62,281,1,23,0.8499999999999994,High Probability Tier (Priority 1)
27,India,Jaipur,Sharda Grocery Store Store,,,,,9660918303,Sharda Grocery Store Store,Pharmacy,4.6,0.85,26,4,62,281,1,23,0.8499999999999994,High Probability Tier (Priority 1)
28,India,Jaipur,Riddhi Siddhi Medical,,,,,7976688171,Riddhi Siddhi Medical,Pharmacy,4.7,0.85,21,3,62,281,1,23,0.8499999999999994,High Probability Tier (Priority 1)
29,India,Jaipur,Gupta Medical,,,,,9829610158,Gupta Medical,Pharmacy,4.6,0.85,13,2,62,281,1,23,0.8499999999999994,High Probability Tier (Priority 1)
30,India,Jaipur,GOYAL MEDICAL,,,,,9413085443,GOYAL MEDICAL,Pharmacy,3.2,0.85,13,2,62,281,1,23,0.8499999999999994,High Probability Tier (Priority 1)
31,India,Jaipur,PADMA MEDICOS AND Grocery Store,,,,,9828320920,PADMA MEDICOS AND Grocery Store,Pharmacy,4.2,0.85,31,5,62,281,1,23,0.8499999999999994,High Probability Tier (Priority 1)
32,India,Jaipur,Mahalaxmi Medical,,,,,9828393166,Mahalaxmi Medical,Pharmacy,4.4,0.85,17,2,62,281,1,23,0.8499999999999994,High Probability Tier (Priority 1)
33,India,Jaipur,Jay Medical,,,,,9664032124,Jay Medical,Pharmacy,4.6,0.85,11,2,62,281,1,23,0.8499999999999994,High Probability Tier (Priority 1)
34,India,Jaipur,Kamla Grocery Storeal Store,,,,,8233029674,Kamla Grocery Storeal Store,Pharmacy,4.5,0.85,27,4,62,281,1,23,0.8499999999999994,High Probability Tier (Priority 1)
35,India,Jaipur,Ashoka Medicaland Grocery Store,,,,,9929049000,Ashoka Medicaland Grocery Store,Pharmacy,4.4,0.85,31,4,62,281,1,23,0.8499999999999994,High Probability Tier (Priority 1)
36,India,Jaipur,Vinayak Medicals,,,,,9001295060,Vinayak Medicals,Pharmacy,5.0,0.85,16,2,62,281,1,23,0.8499999999999994,High Probability Tier (Priority 1)
37,India,Jaipur,Vishvam Medical,,,,,7240335514,Vishvam Medical,Pharmacy,,0.85,15,2,62,281,1,23,0.8499999999999994,High Probability Tier (Priority 1)
38,India,Jaipur,ANJANA Medical,,,,,7689050445,ANJANA Medical,Pharmacy,,0.85,14,2,62,281,1,23,0.8499999999999994,High Probability Tier (Priority 1)
39,India,Jaipur,Sharma MedicalAnd Grocery Storeal Store,,,,,9782506000,Sharma MedicalAnd Grocery Storeal Store,Pharmacy,,0.85,39,5,62,281,1,23,0.8499999999999994,High Probability Tier (Priority 1)
40,India,Jaipur,SHRI BABA AYURVED STORE,,,,,8824821008,SHRI BABA AYURVED STORE,Pharmacy,4.9,0.85,23,4,62,281,1,23,0.8499999999999994,High Probability Tier (Priority 1)
41,India,Jaipur,Akansha MedicalAnd Grocery Store,,,,,9829282887,Akansha MedicalAnd Grocery Store,Pharmacy,,0.85,32,4,62,281,1,23,0.8499999999999994,High Probability Tier (Priority 1)
42,India,Jaipur,Harsh Medical& Departmental Store,,,,,9928499383,Harsh Medical& Departmental Store,Pharmacy,,0.85,33,4,62,281,1,23,0.8499999999999994,High Probability Tier (Priority 1)
43,India,Jaipur,INDIAN Grocery Store,,,,,7691077042,INDIAN Grocery Store,Pharmacy,,0.85,20,3,62,281,1,23,0.8499999999999994,High Probability Tier (Priority 1)
44,India,Jaipur,Arihant Grocery Store,,,,,8107701905,Arihant Grocery Store,Pharmacy,,0.85,21,3,62,281,1,23,0.8499999999999994,High Probability Tier (Priority 1)
45,India,Jaipur,The Herb Shoppe - Ayurvedic Medicine Store,,,,,9783990007,The Herb Shoppe - Ayurvedic Medicine Store,Pharmacy,5.0,0.85,42,7,62,281,1,23,0.8499999999999994,High Probability Tier (Priority 1)
46,India,Jaipur,Life Line Grocery Store,,,,,9928683601,Life Line Grocery Store,Pharmacy,,0.85,23,4,62,281,1,23,0.8499999999999994,High Probability Tier (Priority 1)
47,India,Jaipur,Healthcare Grocery Store Store,,,,,9314030666,Healthcare Grocery Store Store,Pharmacy,,0.85,30,4,62,281,1,23,0.8499999999999994,High Probability Tier (Priority 1)
48,India,Jaipur,Royal Medical,,,,,9829610122,Royal Medical,Pharmacy,,0.85,13,2,62,281,1,23,0.8499999999999994,High Probability Tier (Priority 1)
49,India,Jaipur,Sanjeevni Medical,,,,,9950171783,Sanjeevni Medical,Pharmacy,,0.85,17,2,62,281,1,23,0.8499999999999994,High Probability Tier (Priority 1)
50,India,Jaipur,Jain Medicals,,,,,9782212372,Jain Medicals,Pharmacy,4.6,0.85,13,2,62,281,1,23,0.8499999999999994,High Probability Tier (Priority 1)
51,India,Jaipur,"Dr Gaurav Gupta, MD, DM",,,,,8239187097,"Dr Gaurav Gupta, MD, DM",Medical,4.6,0.85,23,5,26,281,1,20,0.8499999999999994,High Probability Tier (Priority 1)
52,India,Jaipur,Dr Abhishek Agrawal,,,,,9829298691,Dr Abhishek Agrawal,Medical,4.6,0.85,19,3,26,281,1,20,0.8499999999999994,High Probability Tier (Priority 1)
53,India,Jaipur,Dr. R.Dhan,,,,,9602931113,Dr. R.Dhan,Medical,4.9,0.85,10,2,26,281,1,20,0.8499999999999994,High Probability Tier (Priority 1)
54,India,Jaipur,Jaipur Clinic,,,,,2942460888,Jaipur Clinic,Medical,,0.85,13,2,26,281,1,20,0.8499999999999994,High Probability Tier (Priority 1)
55,India,Jaipur,Dr S K Sharma,,,,,1412451947,Dr S K Sharma,Medical,4.0,0.85,13,4,26,281,1,20,0.8499999999999994,High Probability Tier (Priority 1)
56,India,Jaipur,Dr Kalyan Sahay,,,,,9352977917,Dr Kalyan Sahay,Medical,4.1,0.85,15,3,26,281,1,20,0.8499999999999994,High Probability Tier (Priority 1)
57,India,Jaipur,Dr Raman Sharma,,,,,1412385052,Dr Raman Sharma,Medical,4.6,0.85,15,3,26,281,1,20,0.8499999999999994,High Probability Tier (Priority 1)
58,India,Jaipur,Dr. Akhil Goel,,,,,9260991674,Dr. Akhil Goel,Medical,4.8,0.85,14,3,26,281,1,20,0.8499999999999994,High Probability Tier (Priority 1)
59,India,Jaipur,Gangori Hospital,,,,,1412329050,Gangori Hospital,Medical,3.8,0.85,16,2,26,281,1,20,0.8499999999999994,High Probability Tier (Priority 1)
60,India,Jaipur,Dr. Ankit Gupta,,,,,9413268070,Dr. Ankit Gupta,Medical,4.4,0.85,15,3,26,281,1,20,0.8499999999999994,High Probability Tier (Priority 1)
61,India,Jaipur,Dr. Subhash nepalia,,,,,1412368100,Dr. Subhash nepalia,Medical,3.5,0.85,19,3,26,281,1,20,0.8499999999999994,High Probability Tier (Priority 1)
62,India,Jaipur,House Of Medical's,,,,,9314801446,House Of Medical's,Medical,,0.85,18,3,26,281,1,20,0.8499999999999994,High Probability Tier (Priority 1)
63,India,Jaipur,Infinity Endovascular Clinic,,,,,7729021111,Infinity Endovascular Clinic,Medical,5.0,0.85,28,3,26,281,1,20,0.8499999999999994,High Probability Tier (Priority 1)
64,India,Jaipur,Dr Shashi Panicker,,,,,1412281580,Dr Shashi Panicker,Medical,4.4,0.85,18,3,26,281,1,20,0.8499999999999994,High Probability Tier (Priority 1)
65,India,Jaipur,Garg Poly Clinic,,,,,1412201422,Garg Poly Clinic,Medical,4.6,0.85,16,3,26,281,1,20,0.8499999999999994,High Probability Tier (Priority 1)
66,India,Jaipur,Dr. Shantanu Sharma,,,,,9828246180,Dr. Shantanu Sharma,Medical,4.6,0.85,19,3,26,281,1,20,0.8499999999999994,High Probability Tier (Priority 1)
67,India,Jaipur,Sancheti Grocery Store,,,,,1412622160,Sancheti Grocery Store,Grocery Store,,0.85,22,3,14,281,1,11,0.8499999999999993,High Probability Tier (Priority 1)
68,India,Jaipur,GENERAL TECHNICO (RAMESHWAR JI KI CHANDI KI FACTORY),,,,,1412564374,GENERAL TECHNICO (RAMESHWAR JI KI CHANDI KI FACTORY),Retail,5.0,0.55,52,8,1,281,1,28,0.4849999999999995,Medium Probability Tier (Priority 2)
69,India,Jaipur,Radha Ballabh & Sons,,,,,9649193503,Radha Ballabh & Sons,Electrician Store,5.0,0.55,20,4,30,281,1,5,0.5499999999999992,Medium Probability Tier (Priority 2)
70,India,Jaipur,Shree jai Ganesh Namkeen Bhandar,,,,,9829205895,Shree jai Ganesh Namkeen Bhandar,Food,5.0,0.85,32,5,1,281,1,8,0.6919999999999998,Medium Probability Tier (Priority 2)
71,India,Jaipur,Gupta Enterprises,,,,,9649003981,Gupta Enterprises,Store,4.0,0.15,17,2,22,281,1,31,0.15000000000000024,Low Probability Tier (Priority 3)
72,India,Jaipur,Vishnu Enterprises,,,,,9829586254,Vishnu Enterprises,Countertop Store,4.6,0.15,18,2,2,281,1,3,0.23399999999999985,Low Probability Tier (Priority 3)
73,India,Jaipur,S. K. ENTERPRISES,,,,,8130672775,S. K. ENTERPRISES,Gift Shop,5.0,0.55,17,3,1,281,1,10,0.5229999999999992,Medium Probability Tier (Priority 2)
74,India,Jaipur,Sunil Enterprises,,,,,1412318877,Sunil Enterprises,Pharmaceuticals Exporter,5.0,0.15,17,2,1,281,1,22,0.5149999999999999,Medium Probability Tier (Priority 2)
75,India,Jaipur,Indian Trading Enterprises,,,,,9314500934,Indian Trading Enterprises,Industrial Salonres & Products Real Estate,5.0,0.15,26,3,1,281,1,15,0.1640000000000002,Low Probability Tier (Priority 3)
76,India,Jaipur,Gupta enterprises,,,,,9649003981,Gupta enterprises,Store,4.0,0.15,17,2,22,281,1,31,0.15000000000000024,Low Probability Tier (Priority 3)
77,India,Jaipur,Ajay Enterprises,,,,,9414063313,Ajay Enterprises,Services,5.0,0.15,16,2,46,281,1,29,0.15000000000000024,Low Probability Tier (Priority 3)
78,India,Jaipur,Star Enterprises,,,,,9829011272,Star Enterprises,Manufacturer,5.0,0.15,16,2,2,281,1,19,0.33799999999999963,Low Probability Tier (Priority 3)
79,India,Jaipur,Radhe Krishna Enterprises,,,,,8955172590,Radhe Krishna Enterprises,Manufacturer,5.0,0.15,25,3,2,281,1,19,0.2899999999999997,Low Probability Tier (Priority 3)
80,India,Jaipur,VK Enterprises,,,,,9414442175,VK Enterprises,Services,5.0,0.15,14,2,46,281,1,29,0.15000000000000024,Low Probability Tier (Priority 3)
81,India,Jaipur,R. D. Enterprises,,,,,9928220147,R. D. Enterprises,Services,5.0,0.15,17,3,46,281,1,29,0.15000000000000024,Low Probability Tier (Priority 3)
82,India,Jaipur,Ashish Enterprises,,,,,8952820355,Ashish Enterprises,Store,5.0,0.15,18,2,22,281,1,31,0.15000000000000024,Low Probability Tier (Priority 3)
83,India,Jaipur,Sagar Enterprises,,,,,1412316006,Sagar Enterprises,Grocery Store,3.5,0.85,17,2,14,281,1,11,0.7949999999999996,High Probability Tier (Priority 1)
84,India,Jaipur,karma enterprises,,,,,9314874986,karma enterprises,Textile Mill,5.0,0.15,17,2,1,281,1,32,0.15000000000000024,Low Probability Tier (Priority 3)
85,India,Jaipur,Shreeji Enterprises,,,,,1412571815,Shreeji Enterprises,Plastic Products Supplier,,0.15,19,2,1,281,1,24,0.483,Medium Probability Tier (Priority 2)
86,India,Jaipur,Gita Enterprises,,,,,1412601927,Gita Enterprises,Store,2.6,0.15,16,2,22,281,1,31,0.15000000000000024,Low Probability Tier (Priority 3)
87,India,Jaipur,GAURI SHANKAR ENTERPRISES,,,,,8955531126,GAURI SHANKAR ENTERPRISES,Fmcg Goods Real Estate,5.0,0.15,25,3,1,281,1,7,0.22799999999999984,Low Probability Tier (Priority 3)
88,India,Jaipur,Agarwal Enterprises,,,,,8559959313,Agarwal Enterprises,Grocery Store,5.0,0.85,19,2,14,281,1,11,0.8499999999999993,High Probability Tier (Priority 1)
89,India,Jaipur,Ratan Hind Enterprises,,,,,7733978661,Ratan Hind Enterprises,Store,5.0,0.15,22,3,22,281,1,31,0.15000000000000024,Low Probability Tier (Priority 3)
90,India,Jaipur,"Universal Enterprises , Manufacturers Hospitalss Garments hospital rarmennts",,,,,9667189667,"Universal Enterprises , Manufacturers Hospitalss Garments hospital rarmennts",Hospital,5.0,0.85,76,8,1,281,1,13,0.7279999999999999,Medium Probability Tier (Priority 2)
91,India,Jaipur,Uma Enterprises,,,,,8094655521,Uma Enterprises,Real Estate,,0.55,15,2,10,281,1,27,0.5419999999999991,Medium Probability Tier (Priority 2)
92,India,Jaipur,Rishi Raj Enterprises,,,,,9314289693,Rishi Raj Enterprises,Hardware Store,3.7,0.55,21,3,49,281,1,12,0.5499999999999992,Medium Probability Tier (Priority 2)
93,India,Jaipur,Bagda Enterprises,,,,,7877299851,Bagda Enterprises,Business Related,5.0,0.15,17,2,2,281,1,0,0.2939999999999998,Low Probability Tier (Priority 3)
94,India,Jaipur,Anmol Enterprises,,,,,1414018018,Anmol Enterprises,Furniture,1.0,0.15,17,2,1,281,1,9,0.45099999999999946,Medium Probability Tier (Priority 2)
95,India,Jaipur,Aditya Enterprises,,,,,9772274555,Aditya Enterprises,Housing Utility Company,,0.15,18,2,1,281,1,14,0.21299999999999997,Low Probability Tier (Priority 3)
96,India,Jaipur,Ankit paints,,,,,1412318203,Ankit paints,Store,,0.15,12,2,22,281,1,31,0.15000000000000024,Low Probability Tier (Priority 3)
97,India,Jaipur,Vishnu enterprises new collection,,,,,9829586254,Vishnu enterprises new collection,Real Estate,,0.55,33,4,10,281,1,27,0.545999999999999,Medium Probability Tier (Priority 2)
98,India,Jaipur,Rohit Enterprises,,,,,8426968639,Rohit Enterprises,Juice Shop,,0.15,17,2,1,281,1,17,0.21199999999999997,Low Probability Tier (Priority 3)
99,India,Jaipur,Sambhav enterprises,,,,,9928897841,Sambhav enterprises,Hardware Store,,0.55,19,2,49,281,1,12,0.5499999999999992,Medium Probability Tier (Priority 2)
100,India,Jaipur,Gopal Lal Dinesh Kumar,,,,,9929043722,Gopal Lal Dinesh Kumar,Store,,0.15,22,4,22,281,1,31,0.15000000000000024,Low Probability Tier (Priority 3)
101,India,Jaipur,Prabhu Dayal & Sons,,,,,9413694909,Prabhu Dayal & Sons,Hardware Store,,0.55,19,4,49,281,1,12,0.5499999999999992,Medium Probability Tier (Priority 2)
102,India,Jaipur,Prabhudayal & Sons,,,,,9314020421,Prabhudayal & Sons,Grocery Store,,0.85,18,3,14,281,1,11,0.8409999999999992,High Probability Tier (Priority 1)
103,India,Jaipur,Khandelwal Enterprises,,,,,8233313119,Khandelwal Enterprises,Grocery Store,,0.85,22,2,14,281,1,11,0.8499999999999993,High Probability Tier (Priority 1)
104,India,Jaipur,Gopal Lal Dinesh Kumar,,,,,9929043722,Gopal Lal Dinesh Kumar,Store,,0.15,22,4,22,281,1,31,0.15000000000000024,Low Probability Tier (Priority 3)
105,India,Jaipur,Goyal Industries - Pattal Dona Raw Material - Silver Paper Plate Raw Material - Paper Plate Raw Material - Dona Pattal Die,,,,,8048622704,Goyal Industries - Pattal Dona Raw Material - Silver Paper Plate Raw Material - Paper Plate Raw Material - Dona Pattal Die,Paper Store,,0.15,122,22,1,281,1,21,0.6250000000000001,Medium Probability Tier (Priority 2)
106,India,Jaipur,Sethi MedicalAnd Grocery Store,,,,,9928077197,Sethi MedicalAnd Grocery Store,Clinic,,0.55,30,4,1,281,1,1,0.43699999999999944,Low Probability Tier (Priority 3)
107,India,Jaipur,Mahi's Stationers,,,,,7230089755,Mahi's Stationers,Stationery Store,,0.15,17,2,4,281,1,30,0.15000000000000024,Low Probability Tier (Priority 3)
108,India,Jaipur,V K Enterprises Wholesale Stationery,,,,,9829085534,V K Enterprises Wholesale Stationery,Stationery Store,,0.15,36,5,4,281,1,30,0.15000000000000024,Low Probability Tier (Priority 3)
109,India,Jaipur,Sanmati Stationers,,,,,9828047171,Sanmati Stationers,Stationery Store,,0.15,18,2,4,281,1,30,0.15000000000000024,Low Probability Tier (Priority 3)
110,India,Jaipur,Shri Govind Stationery,,,,,9928860881,Shri Govind Stationery,Real Estate,,0.55,22,3,10,281,1,27,0.5219999999999992,Medium Probability Tier (Priority 2)
111,India,Jaipur,Aayra Stationery and accessories,,,,,7597462989,Aayra Stationery and accessories,Stationery Store,,0.15,32,4,4,281,1,30,0.15000000000000024,Low Probability Tier (Priority 3)
112,India,Jaipur,Taj Paints & Hardware,,,,,9828099202,Taj Paints & Hardware,Store,,0.15,21,4,22,281,1,31,0.15000000000000024,Low Probability Tier (Priority 3)
113,India,Jaipur,Sonkhia Brothers,,,,,1412314482,Sonkhia Brothers,Fastener Supplier,,0.15,16,2,1,281,1,6,0.24599999999999989,Low Probability Tier (Priority 3)
114,India,Jaipur,Kumar Medical,,,,,9829610430,Kumar Medical,Medical,,0.85,13,2,26,281,1,20,0.8499999999999994,High Probability Tier (Priority 1)
115,India,Jaipur,Kumar Book Depo,,,,,9829610430,Kumar Book Depo,Store,,0.15,15,3,22,281,1,31,0.15000000000000024,Low Probability Tier (Priority 3)
116,India,Jaipur,Jivan Nagji & Sons,,,,,9829064173,Jivan Nagji & Sons,Electrician,,0.55,18,4,2,281,1,4,0.47199999999999936,Medium Probability Tier (Priority 2)
117,India,Jaipur,JAIDEVI AGRITECH PVT. LTD,,,,,1412503596,JAIDEVI AGRITECH PVT. LTD,Corporate Office,,0.15,25,4,1,281,1,2,0.39799999999999963,Low Probability Tier (Priority 3)
118,India,Jaipur,Prakash Hardware,,,,,9828151178,Prakash Hardware,Hardware Store,,0.55,16,2,49,281,1,12,0.5499999999999992,Medium Probability Tier (Priority 2)
119,India,Jaipur,Agarwal Pipes And Fitting Store,,,,,9829125171,Agarwal Pipes And Fitting Store,Services,,0.15,31,5,46,281,1,29,0.15000000000000024,Low Probability Tier (Priority 3)
120,India,Jaipur,Cera Authorized Dealer - Ambika Pipe Traders -,,,,,7976288295,Cera Authorized Dealer - Ambika Pipe Traders -,Services,,0.15,46,8,46,281,1,29,0.15000000000000024,Low Probability Tier (Priority 3)
121,India,Jaipur,Ambika pipe and fitting store Real Estate,,,,,6375234373,Ambika pipe and fitting store Real Estate,Real Estate,,0.55,41,7,10,281,1,27,0.5499999999999992,Medium Probability Tier (Priority 2)
122,India,Jaipur,Sameer Sanitary & Pipe Fitting Store,,,,,9784224349,Sameer Sanitary & Pipe Fitting Store,Hardware Store,,0.55,36,6,49,281,1,12,0.5499999999999992,Medium Probability Tier (Priority 2)
123,India,Jaipur,Shree Mangal Fitting House,,,,,9950950950,Shree Mangal Fitting House,Hardware Store,,0.55,26,4,49,281,1,12,0.5499999999999992,Medium Probability Tier (Priority 2)
124,India,Jaipur,Sanjay Medicos,,,,,9314999894,Sanjay Medicos,Pharmacy,,0.85,14,2,62,281,1,23,0.8499999999999994,High Probability Tier (Priority 1)
125,India,Jaipur,National Durg House,,,,,1412321368,National Durg House,Pharmacy,,0.85,19,3,62,281,1,23,0.8499999999999994,High Probability Tier (Priority 1)
126,India,Jaipur,"Garg Electricals- Fan, Water Heater, Geyser, Cooler Supplier, Electrician, Electrical Shop In Mansarovar",,,,,8306638787,"Garg Electricals- Fan, Water Heater, Geyser, Cooler Supplier, Electrician, Electrical Shop In Mansarovar",Electrician Store,,0.55,104,13,30,281,1,5,0.5459999999999992,Medium Probability Tier (Priority 2)
127,India,Jaipur,Dilip Enterprises - Electrician Discount Store,,,,,7414821801,Dilip Enterprises - Electrician Discount Store,Real Estate,,0.55,46,6,10,281,1,27,0.5499999999999992,Medium Probability Tier (Priority 2)
128,India,Jaipur,Growel Electricals- Electric Supply Store,,,,,9314008797,Growel Electricals- Electric Supply Store,Electrician Store,,0.55,41,5,30,281,1,5,0.5499999999999992,Medium Probability Tier (Priority 2)
129,India,Jaipur,Sanzari - Best fan and water heater store in Jaipur | Best kitchen appliances store in Jaipur,,,,,9784505200,Sanzari - Best fan and water heater store in Jaipur | Best kitchen appliances store in Jaipur,Store,,0.15,93,17,22,281,1,31,0.15000000000000024,Low Probability Tier (Priority 3)
130,India,Jaipur,Kishore Electric,,,,,7615079026,Kishore Electric,Electrician Store,,0.55,16,2,30,281,1,5,0.5499999999999992,Medium Probability Tier (Priority 2)
131,India,Jaipur,Jaipur Electrical,,,,,1412357317,Jaipur Electrical,Electrician Store,,0.55,17,2,30,281,1,5,0.5499999999999992,Medium Probability Tier (Priority 2)
132,India,Jaipur,KAMLA ELECTRICALS,,,,,9414770587,KAMLA ELECTRICALS,Electrician Store,,0.55,17,2,30,281,1,5,0.5499999999999992,Medium Probability Tier (Priority 2)
133,India,Jaipur,Shree Electricals And Home Appliances,,,,,9829090923,Shree Electricals And Home Appliances,Electrician Store,,0.55,37,5,30,281,1,5,0.5499999999999992,Medium Probability Tier (Priority 2)
134,India,Jaipur,Hitesh Electricals- Electrical Shop,,,,,1412316276,Hitesh Electricals- Electrical Shop,Electrician Store,,0.55,35,4,30,281,1,5,0.5499999999999992,Medium Probability Tier (Priority 2)
135,India,Jaipur,Om Shiv Electricals,,,,,8559819924,Om Shiv Electricals,Electrician Store,,0.55,19,3,30,281,1,5,0.5499999999999992,Medium Probability Tier (Priority 2)
136,India,Jaipur,Khandelwal Electricals,,,,,9314962067,Khandelwal Electricals,Electrician Store,,0.55,22,2,30,281,1,5,0.5499999999999992,Medium Probability Tier (Priority 2)
137,India,Jaipur,Ganpati Electricals And Sanitary Hardware,,,,,7073030741,Ganpati Electricals And Sanitary Hardware,Electrician Store,,0.55,41,5,30,281,1,5,0.5499999999999992,Medium Probability Tier (Priority 2)
138,India,Jaipur,Om Shiv Electricals,,,,,8559819924,Om Shiv Electricals,Electrician Store,,0.55,19,3,30,281,1,5,0.5499999999999992,Medium Probability Tier (Priority 2)
139,India,Jaipur,Prestige Electrical Industries,,,,,9828156790,Prestige Electrical Industries,Electrician Store,,0.55,30,3,30,281,1,5,0.5499999999999992,Medium Probability Tier (Priority 2)
140,India,Jaipur,Rajasthan Electrical & Sanitary,,,,,9351387136,Rajasthan Electrical & Sanitary,Electrician Store,,0.55,31,4,30,281,1,5,0.5499999999999992,Medium Probability Tier (Priority 2)
141,India,Jaipur,Wholesale Electrical Items Shop Best Decorative Lights in Jaipur,,,,,9829305799,Wholesale Electrical Items Shop Best Decorative Lights in Jaipur,Lighting Products Real Estate,,0.15,64,9,1,281,1,18,0.44699999999999973,Low Probability Tier (Priority 3)
142,India,Jaipur,Shiv Shankar Electricals,,,,,9314171500,Shiv Shankar Electricals,Electrician Store,,0.55,24,3,30,281,1,5,0.5499999999999992,Medium Probability Tier (Priority 2)
143,India,Jaipur,Shree Prakash Electricals,,,,,1414797878,Shree Prakash Electricals,Electrician Store,,0.55,25,3,30,281,1,5,0.5499999999999992,Medium Probability Tier (Priority 2)
144,India,Jaipur,Vishnu Electricals,,,,,9829054030,Vishnu Electricals,Electrician Store,,0.55,18,2,30,281,1,5,0.5499999999999992,Medium Probability Tier (Priority 2)
145,India,Jaipur,Tanishq Electricals,,,,,9414073902,Tanishq Electricals,Electrician Store,,0.55,19,2,30,281,1,5,0.5499999999999992,Medium Probability Tier (Priority 2)
146,India,Jaipur,Jain Electricals,,,,,9352241783,Jain Electricals,Electrician Store,,0.55,16,2,30,281,1,5,0.5499999999999992,Medium Probability Tier (Priority 2)
147,India,Jaipur,Rajdhani Electricals & Sanitary,,,,,9829098715,Rajdhani Electricals & Sanitary,Electrician Store,,0.55,31,4,30,281,1,5,0.5499999999999992,Medium Probability Tier (Priority 2)
148,India,Jaipur,Kamlesh Nagar & Company,,,,,1414035435,Kamlesh Nagar & Company,Electrician Store,,0.55,23,4,30,281,1,5,0.5499999999999992,Medium Probability Tier (Priority 2)
149,India,Jaipur,Maheshwari Electricals,,,,,1412366620,Maheshwari Electricals,Electrician Store,,0.55,22,2,30,281,1,5,0.5499999999999992,Medium Probability Tier (Priority 2)
150,India,Jaipur,Manoj Radio & Electricals,,,,,9351495045,Manoj Radio & Electricals,Electrician Store,,0.55,25,4,30,281,1,5,0.5499999999999992,Medium Probability Tier (Priority 2)
151,India,Jaipur,Nagar Engineering Company,,,,,9413337970,Nagar Engineering Company,Pump Supplier,,0.15,25,3,1,281,1,26,0.2579999999999997,Low Probability Tier (Priority 3)
152,India,Jaipur,Industrial Sales & Services,,,,,9351612586,Industrial Sales & Services,Electrician Store,,0.55,27,4,30,281,1,5,0.5499999999999992,Medium Probability Tier (Priority 2)
153,India,Jaipur,Vikas Pumps Pvt Ltd,,,,,9414075362,Vikas Pumps Pvt Ltd,Electrician Store,,0.55,19,4,30,281,1,5,0.5499999999999992,Medium Probability Tier (Priority 2)
154,India,Jaipur,MAYUR ENTERPRISES,,,,,9782616127,MAYUR ENTERPRISES,Electrician Store,,0.55,17,2,30,281,1,5,0.5499999999999992,Medium Probability Tier (Priority 2)
155,India,Jaipur,Vinayak Engineers,,,,,9799999403,Vinayak Engineers,Electrician Store,,0.55,17,2,30,281,1,5,0.5499999999999992,Medium Probability Tier (Priority 2)
156,India,Jaipur,FINOLEX WIRES Jaipur,,,,,9928096960,FINOLEX WIRES Jaipur,Electrician Store,,0.55,20,3,30,281,1,5,0.5499999999999992,Medium Probability Tier (Priority 2)
157,India,Jaipur,Weekend Travel And Tour Services,,,,,9887444234,Weekend Travel And Tour Services,Travel Agency,,0.15,32,5,1,281,1,33,0.15000000000000024,Low Probability Tier (Priority 3)
158,India,Jaipur,Jaipur City Tour & Travel,,,,,9672363632,Jaipur City Tour & Travel,Services,,0.15,25,5,46,281,1,29,0.15000000000000024,Low Probability Tier (Priority 3)
159,India,Jaipur,CMK Properties & To-let Services Jaipur,,,,,9314878056,CMK Properties & To-let Services Jaipur,Real Estate,,0.55,39,6,10,281,1,27,0.5499999999999992,Medium Probability Tier (Priority 2)
160,India,Jaipur,Jaipur Properties Real Estate Agent,,,,,8209790656,Jaipur Properties Real Estate Agent,Real Estate,,0.55,35,5,10,281,1,27,0.5499999999999992,Medium Probability Tier (Priority 2)
161,India,Jaipur,Rental Property Broker in Jaipur,,,,,8952042832,Rental Property Broker in Jaipur,Real Estate,,0.55,32,5,10,281,1,27,0.5499999999999992,Medium Probability Tier (Priority 2)
162,India,Jaipur,"Wafadar Properties - REAL STATE, PROPERTY DEALER ,PROPERTY IN Jaipur, TO LET SERVIECS, PRATAP NAGAR,JAGATPURA",,,,,9799210174,"Wafadar Properties - REAL STATE, PROPERTY DEALER ,PROPERTY IN Jaipur, TO LET SERVIECS, PRATAP NAGAR,JAGATPURA",Real Estate,,0.55,109,15,10,281,1,27,0.5479999999999992,Medium Probability Tier (Priority 2)
163,India,Jaipur,MK Grocery StoreAL STORE,,,,,9828182221,MK Grocery StoreAL STORE,Store,,0.15,24,4,22,281,1,31,0.15000000000000024,Low Probability Tier (Priority 3)
164,India,Jaipur,Jain Grocery Storeal Store,,,,,9887175330,Jain Grocery Storeal Store,Grocery Store,,0.85,26,4,14,281,1,11,0.8499999999999993,High Probability Tier (Priority 1)
165,India,Jaipur,Narendra Grocery Storeal Store,,,,,7877403021,Narendra Grocery Storeal Store,Medical,,0.85,30,4,26,281,1,20,0.8499999999999994,High Probability Tier (Priority 1)
166,India,Jaipur,Gupta Grocery Storeal And Grocery Store,,,,,9413188667,Gupta Grocery Storeal And Grocery Store,Grocery Store,,0.85,39,6,14,281,1,11,0.8499999999999993,High Probability Tier (Priority 1)
167,India,Jaipur,Maruti Grocery Storeal Store,,,,,8000587085,Maruti Grocery Storeal Store,Grocery Store,,0.85,28,4,14,281,1,11,0.8499999999999993,High Probability Tier (Priority 1)
168,India,Jaipur,Akshita MedicalAnd Grocery Storeal Store,,,,,8764223233,Akshita MedicalAnd Grocery Storeal Store,Medical,,0.85,40,5,26,281,1,20,0.8499999999999994,High Probability Tier (Priority 1)
169,India,Jaipur,Shyam MedicalAnd Grocery Storeal Store,,,,,9875757075,Shyam MedicalAnd Grocery Storeal Store,Medical,,0.85,38,5,26,281,1,20,0.8499999999999994,High Probability Tier (Priority 1)
170,India,Jaipur,National Medicaland Grocery Storeal store,,,,,8104493006,National Medicaland Grocery Storeal store,Medical,,0.85,41,5,26,281,1,20,0.8499999999999994,High Probability Tier (Priority 1)
171,India,Jaipur,Sanjeevani Grocery Storeal Store,,,,,8078622981,Sanjeevani Grocery Storeal Store,Pharmacy,,0.85,32,4,62,281,1,23,0.8499999999999994,High Probability Tier (Priority 1)
172,India,Jaipur,Sharma MedicalAnd Grocery Storeal Store,,,,,9782506000,Sharma MedicalAnd Grocery Storeal Store,Pharmacy,,0.85,39,5,62,281,1,23,0.8499999999999994,High Probability Tier (Priority 1)
173,India,Jaipur,Jain Grocery Store Store,,,,,9460182938,Jain Grocery Store Store,Store,,0.15,24,4,22,281,1,31,0.15000000000000024,Low Probability Tier (Priority 3)
174,India,Jaipur,Amit Grocery Storeal Store,,,,,8949473386,Amit Grocery Storeal Store,Medical,,0.85,26,4,26,281,1,20,0.8499999999999994,High Probability Tier (Priority 1)
175,India,Jaipur,Ashu Kripa MedicalAnd Grocery Storeal Store,,,,,9928602464,Ashu Kripa MedicalAnd Grocery Storeal Store,Pharmacy,,0.85,43,6,62,281,1,23,0.8499999999999994,High Probability Tier (Priority 1)
176,India,Jaipur,Shree Ram Medicaland Grocery Storeal store,,,,,9521480039,Shree Ram Medicaland Grocery Storeal store,Medical,,0.85,42,6,26,281,1,20,0.8499999999999994,High Probability Tier (Priority 1)
177,India,Jaipur,Jai Ram Grocery Storeal Store,,,,,9460186870,Jai Ram Grocery Storeal Store,Pharmacy,,0.85,29,5,62,281,1,23,0.8499999999999994,High Probability Tier (Priority 1)
178,India,Jaipur,Disha Medicals & Grocery Storeal Store,,,,,9414210022,Disha Medicals & Grocery Storeal Store,Pharmacy,,0.85,38,6,62,281,1,23,0.8499999999999994,High Probability Tier (Priority 1)
179,India,Jaipur,Naina MedicalAnd Grocery Storeal Store,,,,,9309478342,Naina MedicalAnd Grocery Storeal Store,Pharmacy,,0.85,38,5,62,281,1,23,0.8499999999999994,High Probability Tier (Priority 1)
180,India,Jaipur,Farooquii Grocery Storeal store,,,,,9887861500,Farooquii Grocery Storeal store,Pharmacy,,0.85,31,4,62,281,1,23,0.8499999999999994,High Probability Tier (Priority 1)
181,India,Jaipur,Sonali MedicalAnd Grocery Storeal Store,,,,,6204037061,Sonali MedicalAnd Grocery Storeal Store,Pharmacy,,0.85,39,5,62,281,1,23,0.8499999999999994,High Probability Tier (Priority 1)
182,India,Jaipur,Krishna Grocery Storeal and stationers,,,,,7792921786,Krishna Grocery Storeal and stationers,Services,,0.15,38,5,46,281,1,29,0.15000000000000024,Low Probability Tier (Priority 3)
183,India,Jaipur,Dipartmental Store Pareek,,,,,7889499051,Dipartmental Store Pareek,Grocery Store,,0.85,25,3,14,281,1,11,0.8499999999999993,High Probability Tier (Priority 1)
184,India,Jaipur,Shreenath Grocery Storeal Store,,,,,9782758480,Shreenath Grocery Storeal Store,Store,,0.15,31,4,22,281,1,31,0.15000000000000024,Low Probability Tier (Priority 3)
185,India,Jaipur,Trident MedicalGeneral And Grocery Storeal Store,,,,,7737720433,Trident MedicalGeneral And Grocery Storeal Store,Medical,,0.85,48,6,26,281,1,20,0.8499999999999994,High Probability Tier (Priority 1)
186,India,Jaipur,Tanu Grocery Storeal Store,,,,,9887608102,Tanu Grocery Storeal Store,Medical,,0.85,26,4,26,281,1,20,0.8499999999999994,High Probability Tier (Priority 1)
187,India,Jaipur,"Parashar MedicalAnd Grocery Storeal Store,Mahaveer Colony",,,,,7300347870,"Parashar MedicalAnd Grocery Storeal Store,Mahaveer Colony",Pharmacy,,0.85,57,6,62,281,1,23,0.8499999999999994,High Probability Tier (Priority 1)
188,India,Jaipur,Naaj Grocery Storeal Store,,,,,9929865761,Naaj Grocery Storeal Store,Pharmacy,,0.85,26,4,62,281,1,23,0.8499999999999994,High Probability Tier (Priority 1)
189,India,Jaipur,Khushboo MedicalAnd Grocery Storeal Store,,,,,9166992761,Khushboo MedicalAnd Grocery Storeal Store,Pharmacy,,0.85,41,5,62,281,1,23,0.8499999999999994,High Probability Tier (Priority 1)
190,India,Jaipur,Choudhary MedicalAnd Grocery Storeal Stor,,,,,9460612782,Choudhary MedicalAnd Grocery Storeal Stor,Business Related,,0.15,41,5,2,281,1,0,0.28899999999999976,Low Probability Tier (Priority 3)
191,India,Jaipur,Navyug Grocery Storeal Store,,,,,9314874145,Navyug Grocery Storeal Store,Medical,,0.85,28,4,26,281,1,20,0.8499999999999994,High Probability Tier (Priority 1)
192,India,Jaipur,Kamla Grocery Storeal Store,,,,,8233029674,Kamla Grocery Storeal Store,Pharmacy,,0.85,27,4,62,281,1,23,0.8499999999999994,High Probability Tier (Priority 1)
193,India,Jaipur,Uma MedicalGrocery Storeal Stores,,,,,9829142488,Uma MedicalGrocery Storeal Stores,Pharmacy,,0.85,33,4,62,281,1,23,0.8499999999999994,High Probability Tier (Priority 1)
194,India,Jaipur,Jaipur Plywood,,,,,8233793137,Jaipur Plywood,Plywood Supplier,,0.55,14,2,7,281,1,25,0.5489999999999992,Medium Probability Tier (Priority 2)
195,India,Jaipur,Choudhary Plywood,,,,,9462043916,Choudhary Plywood,Plywood Supplier,,0.55,17,2,7,281,1,25,0.5409999999999993,Medium Probability Tier (Priority 2)
196,India,Jaipur,Lakdiwalas,,,,,7742823411,Lakdiwalas,Plywood Supplier,,0.55,10,1,7,281,1,25,0.5489999999999992,Medium Probability Tier (Priority 2)
197,India,Jaipur,GRK Timber And Plywood,,,,,9116611993,GRK Timber And Plywood,Plywood Supplier,,0.55,22,4,7,281,1,25,0.5489999999999992,Medium Probability Tier (Priority 2)
198,India,Jaipur,Hindustan Timber And Plywood,,,,,8829958901,Hindustan Timber And Plywood,Plywood Supplier,,0.55,28,4,7,281,1,25,0.5489999999999992,Medium Probability Tier (Priority 2)
199,India,Jaipur,Dadashraya Plywood,,,,,9001290016,Dadashraya Plywood,Plywood Supplier,,0.55,18,2,7,281,1,25,0.5409999999999993,Medium Probability Tier (Priority 2)
200,India,Jaipur,Jaipur Bikaner Trading Company Agencies,,,,,9414059522,Jaipur Bikaner Trading Company Agencies,Plywood Supplier,,0.55,39,5,7,281,1,25,0.5529999999999992,Medium Probability Tier (Priority 2)
201,India,Jaipur,National Hardware House,,,,,9928560890,National Hardware House,Hardware Store,,0.55,23,3,49,281,1,12,0.5499999999999992,Medium Probability Tier (Priority 2)
202,India,Jaipur,Shri Gurukripa Sanitary Hardware And Electricals,,,,,8005910224,Shri Gurukripa Sanitary Hardware And Electricals,Hardware Store,,0.55,48,6,49,281,1,12,0.5499999999999992,Medium Probability Tier (Priority 2)
203,India,Jaipur,"Ozone India | Mukesh Tools and Hardware | Jaipur, Rajasthan",,,,,9929653256,"Ozone India | Mukesh Tools and Hardware | Jaipur, Rajasthan",Hardware Store,,0.55,59,10,49,281,1,12,0.5499999999999992,Medium Probability Tier (Priority 2)
204,India,Jaipur,Punjab Hardware Store,,,,,9983323323,Punjab Hardware Store,Hardware Store,,0.55,21,3,49,281,1,12,0.5499999999999992,Medium Probability Tier (Priority 2)
205,India,Jaipur,Kumawat Traders - Hardware - Iron and Steel Store Jaipur,,,,,9024263712,Kumawat Traders - Hardware - Iron and Steel Store Jaipur,Hardware Store,,0.55,56,10,49,281,1,12,0.5499999999999992,Medium Probability Tier (Priority 2)
206,India,Jaipur,KUMAWAT HARDWARE,,,,,9680137249,KUMAWAT HARDWARE,Hardware Store,,0.55,16,2,49,281,1,12,0.5499999999999992,Medium Probability Tier (Priority 2)
207,India,Jaipur,Shree Ram Hardware And Tools,,,,,9929765752,Shree Ram Hardware And Tools,Hardware Store,,0.55,28,5,49,281,1,12,0.5499999999999992,Medium Probability Tier (Priority 2)
208,India,Jaipur,Rajasthan Tools,,,,,9660762262,Rajasthan Tools,Hardware Store,,0.55,15,2,49,281,1,12,0.5499999999999992,Medium Probability Tier (Priority 2)
209,India,Jaipur,VASUMAL LALCHAND,,,,,9828149590,VASUMAL LALCHAND,Store,,0.15,16,2,22,281,1,31,0.15000000000000024,Low Probability Tier (Priority 3)
210,India,Jaipur,B.K.Hardware Store,,,,,9952966071,B.K.Hardware Store,Hardware Store,,0.55,18,2,49,281,1,12,0.5499999999999992,Medium Probability Tier (Priority 2)
211,India,Jaipur,SHRI SHYAM TOOLS,,,,,9549818478,SHRI SHYAM TOOLS,Store,,0.15,16,3,22,281,1,31,0.15000000000000024,Low Probability Tier (Priority 3)
212,India,Jaipur,Ganesh Hardware Traders,,,,,9314294156,Ganesh Hardware Traders,Hardware Store,,0.55,23,3,49,281,1,12,0.5499999999999992,Medium Probability Tier (Priority 2)
213,India,Jaipur,International Power Tools,,,,,9983983496,International Power Tools,Hardware Store,,0.55,25,3,49,281,1,12,0.5499999999999992,Medium Probability Tier (Priority 2)
214,India,Jaipur,"HARIOM POWER TOOLS (XTRA-POWER, Hi-Max)",,,,,9643300090,"HARIOM POWER TOOLS (XTRA-POWER, Hi-Max)",Hardware Store,,0.55,39,5,49,281,1,12,0.5499999999999992,Medium Probability Tier (Priority 2)
215,India,Jaipur,Shri Bhagawati Hardware & Electricals,,,,,9414248287,Shri Bhagawati Hardware & Electricals,Hardware Store,,0.55,37,5,49,281,1,12,0.5499999999999992,Medium Probability Tier (Priority 2)
216,India,Jaipur,J.K. Traders Hardware Store,,,,,9828076270,J.K. Traders Hardware Store,Hardware Store,,0.55,27,4,49,281,1,12,0.5499999999999992,Medium Probability Tier (Priority 2)
217,India,Jaipur,Manish Tools,,,,,1412372410,Manish Tools,Store,,0.15,12,2,22,281,1,31,0.15000000000000024,Low Probability Tier (Priority 3)
218,India,Jaipur,Jaipur Tools,,,,,8094000757,Jaipur Tools,Store,,0.15,12,2,22,281,1,31,0.15000000000000024,Low Probability Tier (Priority 3)
219,India,Jaipur,Khushal Chand Khurana,,,,,1412321681,Khushal Chand Khurana,Hardware Store,,0.55,21,3,49,281,1,12,0.5499999999999992,Medium Probability Tier (Priority 2)
220,India,Jaipur,Jitendra Hardware Store,,,,,8414770502,Jitendra Hardware Store,Hardware Store,,0.55,23,3,49,281,1,12,0.5499999999999992,Medium Probability Tier (Priority 2)
221,India,Jaipur,Tikam Hardwares,,,,,9828089001,Tikam Hardwares,Hardware Store,,0.55,15,2,49,281,1,12,0.5499999999999992,Medium Probability Tier (Priority 2)
222,India,Jaipur,Kumawat Power Tools & Air Compressor Technologist,,,,,9521177615,Kumawat Power Tools & Air Compressor Technologist,Hardware Store,,0.55,49,7,49,281,1,12,0.5499999999999992,Medium Probability Tier (Priority 2)
223,India,Jaipur,Mahima Hardware,,,,,9351355722,Mahima Hardware,Hardware Store,,0.55,15,2,49,281,1,12,0.5499999999999992,Medium Probability Tier (Priority 2)
224,India,Jaipur,Radhe Rani Hardware tools Electric And Sanitary,,,,,8955840958,Radhe Rani Hardware tools Electric And Sanitary,Hardware Store,,0.55,47,7,49,281,1,12,0.5499999999999992,Medium Probability Tier (Priority 2)
225,India,Jaipur,Khandal hardware,,,,,7665017777,Khandal hardware,Store,,0.15,16,2,22,281,1,31,0.15000000000000024,Low Probability Tier (Priority 3)
226,India,Jaipur,Jaipur Hardware Sanitary Electricals And Plywood,,,,,8387085803,Jaipur Hardware Sanitary Electricals And Plywood,Hardware Store,,0.55,48,6,49,281,1,12,0.5499999999999992,Medium Probability Tier (Priority 2)
227,India,Jaipur,Shagun Hardware,,,,,9509585185,Shagun Hardware,Hardware Store,,0.55,15,2,49,281,1,12,0.5499999999999992,Medium Probability Tier (Priority 2)
228,India,Jaipur,Dilip Sanitary & Hardware Store,,,,,9414826909,Dilip Sanitary & Hardware Store,Hardware Store,,0.55,31,5,49,281,1,12,0.5499999999999992,Medium Probability Tier (Priority 2)
229,India,Jaipur,ZIYA HARDWARE & SANITARY,,,,,9587154730,ZIYA HARDWARE & SANITARY,Hardware Store,,0.55,24,4,49,281,1,12,0.5499999999999992,Medium Probability Tier (Priority 2)
230,India,Jaipur,YBH power tools,,,,,8696666649,YBH power tools,Hardware Store,,0.55,15,3,49,281,1,12,0.5499999999999992,Medium Probability Tier (Priority 2)
231,India,Jaipur,J P Hardware & Machinery Store,,,,,6375452356,J P Hardware & Machinery Store,Hardware Store,,0.55,30,6,49,281,1,12,0.5499999999999992,Medium Probability Tier (Priority 2)
232,India,Jaipur,Shree Gopal Hardware,,,,,1412331845,Shree Gopal Hardware,Hardware Store,,0.55,20,3,49,281,1,12,0.5499999999999992,Medium Probability Tier (Priority 2)
233,India,Jaipur,Mohit Power Tools,,,,,9799222816,Mohit Power Tools,Electrician,,0.55,17,3,2,281,1,4,0.4579999999999994,Medium Probability Tier (Priority 2)
234,India,Jaipur,Rakesh tools and hardware,,,,,7877887156,Rakesh tools and hardware,Hardware Store,,0.55,25,4,49,281,1,12,0.5499999999999992,Medium Probability Tier (Priority 2)
235,India,Jaipur,Ganpati Electricals And Sanitary Hardware,,,,,7073030741,Ganpati Electricals And Sanitary Hardware,Hardware Store,,0.55,41,5,49,281,1,12,0.5499999999999992,Medium Probability Tier (Priority 2)
236,India,Jaipur,Lekhra Hardware ( Hardware Store ),,,,,7231909391,Lekhra Hardware ( Hardware Store ),Hardware Store,,0.55,34,6,49,281,1,12,0.5499999999999992,Medium Probability Tier (Priority 2)
237,India,Jaipur,APA's Sewer & Plumbing NYC,,,,,9782856756,APA's Sewer & Plumbing NYC,Hardware Store,,0.55,26,5,49,281,1,12,0.5499999999999992,Medium Probability Tier (Priority 2)
238,India,Jaipur,Kumawat Hardware Store,,,,,9529240133,Kumawat Hardware Store,Hardware Store,,0.55,22,3,49,281,1,12,0.5499999999999992,Medium Probability Tier (Priority 2)
239,India,Jaipur,Payal Hardware & Steel Bartan Stor,,,,,8302247982,Payal Hardware & Steel Bartan Stor,Hardware Store,,0.55,34,6,49,281,1,12,0.5499999999999992,Medium Probability Tier (Priority 2)
240,India,Jaipur,"Ozone India | Jyoti Tools And Hardware | Barhmohanpura, Rajasthan",,,,,9782097170,"Ozone India | Jyoti Tools And Hardware | Barhmohanpura, Rajasthan",Hardware Store,,0.55,65,10,49,281,1,12,0.5499999999999992,Medium Probability Tier (Priority 2)
241,India,Jaipur,Balaji hardware and Tools,,,,,7062052078,Balaji hardware and Tools,Hardware Store,,0.55,25,4,49,281,1,12,0.5499999999999992,Medium Probability Tier (Priority 2)
242,India,Jaipur,Shri Hari Hardware Store,,,,,1412373045,Shri Hari Hardware Store,Hardware Store,,0.55,24,4,49,281,1,12,0.5499999999999992,Medium Probability Tier (Priority 2)
243,India,Jaipur,Chawla Hardware Store,,,,,1412621172,Chawla Hardware Store,Hardware Store,,0.55,21,3,49,281,1,12,0.5499999999999992,Medium Probability Tier (Priority 2)
244,India,Jaipur,Hanumant Hardware,,,,,8334078602,Hanumant Hardware,Hardware Store,,0.55,17,2,49,281,1,12,0.5499999999999992,Medium Probability Tier (Priority 2)
245,India,Jaipur,Times Hardware,,,,,9314428111,Times Hardware,Hardware Store,,0.55,14,2,49,281,1,12,0.5499999999999992,Medium Probability Tier (Priority 2)
246,India,Jaipur,MAJISA HARDWARE AND TOOLS TRADERS,,,,,9460064523,MAJISA HARDWARE AND TOOLS TRADERS,Hardware Store,,0.55,33,5,49,281,1,12,0.5499999999999992,Medium Probability Tier (Priority 2)
247,India,Jaipur,HOME STYLE - Kitchen Hardware Ladder Ao Smith Door And Window Hardware Bathroom Accessories,,,,,9413205222,HOME STYLE - Kitchen Hardware Ladder Ao Smith Door And Window Hardware Bathroom Accessories,Hardware Store,,0.55,91,14,49,281,1,12,0.5499999999999992,Medium Probability Tier (Priority 2)
248,India,Jaipur,Gradewon Hardware & Sanitary Center,,,,,7737281190,Gradewon Hardware & Sanitary Center,Hardware Store,,0.55,35,5,49,281,1,12,0.5499999999999992,Medium Probability Tier (Priority 2)
249,India,Jaipur,Union Oil Store,,,,,9829123100,Union Oil Store,Hardware Store,,0.55,15,3,49,281,1,12,0.5499999999999992,Medium Probability Tier (Priority 2)
250,India,Jaipur,Shree Shyam Tools,,,,,8764060024,Shree Shyam Tools,Jewelry Equipment Supplier,,0.15,17,3,1,281,1,16,0.23299999999999982,Low Probability Tier (Priority 3)
251,India,New york,NYC Services Bronx & Drain Cleaning,,,,,19145152493,NYC Services Bronx & Drain Cleaning,Services,,0.15,35,6,46,15,2,29,0.15000000000000024,Low Probability Tier (Priority 3)
252,India,New york,Ludlow Plumbing Supply inc.,,,,,16463701338,Ludlow Plumbing Supply inc.,Services,,0.15,27,4,46,15,2,29,0.15000000000000024,Low Probability Tier (Priority 3)
253,India,New york,Services NYC,,,,,12122222220,Services NYC,Services,,0.15,12,2,46,15,2,29,0.15000000000000024,Low Probability Tier (Priority 3)
254,India,New york,New York Drain Restoration inc,,,,,12126937246,New York Drain Restoration inc,Services,,0.15,30,5,46,15,2,29,0.15000000000000024,Low Probability Tier (Priority 3)
255,India,New york,Dyckman Plumbing & Heating,,,,,12122190112,Dyckman Plumbing & Heating,Services,,0.15,26,4,46,15,2,29,0.15000000000000024,Low Probability Tier (Priority 3)
256,India,New york,Centre Plumbing Electric Hardware Supply,,,,,12129658038,Centre Plumbing Electric Hardware Supply,Services,,0.15,40,5,46,15,2,29,0.15000000000000024,Low Probability Tier (Priority 3)
257,India,New york,Emergency Services NYC,,,,,16467364811,Emergency Services NYC,Services,,0.15,22,3,46,15,2,29,0.15000000000000024,Low Probability Tier (Priority 3)
258,India,New york,All Rooter Plumbing n Air,,,,,19295616204,All Rooter Plumbing n Air,Services,,0.15,25,5,46,15,2,29,0.15000000000000024,Low Probability Tier (Priority 3)
259,India,New york,10 Man Plumbing,,,,,12129371136,10 Man Plumbing,Services,,0.15,15,3,46,15,2,29,0.15000000000000024,Low Probability Tier (Priority 3)
260,India,New york,Centre Plumbing and Heating,,,,,13322965721,Centre Plumbing and Heating,Services,,0.15,27,4,46,15,2,29,0.15000000000000024,Low Probability Tier (Priority 3)
261,India,New york,1 Day Plumbing,,,,,12129371106,1 Day Plumbing,Services,,0.15,14,3,46,15,2,29,0.15000000000000024,Low Probability Tier (Priority 3)
262,India,New york,Cosme Plumbing & Heating Corporation,,,,,12128288860,Cosme Plumbing & Heating Corporation,Services,,0.15,36,5,46,15,2,29,0.15000000000000024,Low Probability Tier (Priority 3)
263,India,New york,ASAP Solutions,,,,,19176840088,ASAP Solutions,Services,,0.15,14,2,46,15,2,29,0.15000000000000024,Low Probability Tier (Priority 3)
264,India,New york,Agimi Plumbing,,,,,12129371174,Agimi Plumbing,Services,,0.15,14,2,46,15,2,29,0.15000000000000024,Low Probability Tier (Priority 3)
265,India,New york,Attack Plumbing,,,,,12129371142,Attack Plumbing,Services,,0.15,15,2,46,15,2,29,0.15000000000000024,Low Probability Tier (Priority 3)
266,India,Jaipur,Jaipur Repair Services,,,,,7230069996,Jaipur Repair Services,Services,,0.15,22,3,46,281,1,29,0.15000000000000024,Low Probability Tier (Priority 3)
267,India,Jaipur,MULTI-BRAND HOME APPLIANCES,,,,,9602000622,MULTI-BRAND HOME APPLIANCES,Services,,0.15,27,3,46,281,1,29,0.15000000000000024,Low Probability Tier (Priority 3)
268,India,Jaipur,SHEKHAWATI REFRIGERATION.,,,,,9352590900,SHEKHAWATI REFRIGERATION.,Services,,0.15,25,2,46,281,1,29,0.15000000000000024,Low Probability Tier (Priority 3)
269,India,Jaipur,"Ratan geyser , ac, microwave oven, washing machine Services repair",,,,,9664263801,"Ratan geyser , ac, microwave oven, washing machine Services repair",Electrician Store,,0.55,66,10,30,281,1,5,0.5499999999999992,Medium Probability Tier (Priority 2)
270,India,Jaipur,"Ram Tech Point (washing Machine, refrigeration,kitchen chimney, microvave,Ac repair Services in Jaipur)",,,,,9660415928,"Ram Tech Point (washing Machine, refrigeration,kitchen chimney, microvave,Ac repair Services in Jaipur)",Services,,0.15,103,12,46,281,1,29,0.15000000000000024,Low Probability Tier (Priority 3)
271,India,Jaipur,"Hi-tech Home Services Ac, washing machine repair center",,,,,8560838247,"Hi-tech Home Services Ac, washing machine repair center",Services,,0.15,55,8,46,281,1,29,0.15000000000000024,Low Probability Tier (Priority 3)
272,India,Jaipur,Air conditioner repairing and Services Jaipur,,,,,8114481573,Air conditioner repairing and Services Jaipur,Services,,0.15,45,6,46,281,1,29,0.15000000000000024,Low Probability Tier (Priority 3)
273,India,Jaipur,Dayal Electricals And Repairing Centre Jaipur,,,,,9672935278,Dayal Electricals And Repairing Centre Jaipur,Real Estate,,0.55,45,6,10,281,1,27,0.5499999999999992,Medium Probability Tier (Priority 2)
274,India,Jaipur,"Hemu Best AC Repair in Jaipur, Best AC Services in Jaipur,Best electrician in Jaipur",,,,,7891653750,"Hemu Best AC Repair in Jaipur, Best AC Services in Jaipur,Best electrician in Jaipur",Services,,0.15,84,14,46,281,1,29,0.15000000000000024,Low Probability Tier (Priority 3)
275,India,Jaipur,SHREE KARNI Services Jaipur,,,,,8114481573,SHREE KARNI Services Jaipur,Services,,0.15,27,4,46,281,1,29,0.15000000000000024,Low Probability Tier (Priority 3)
276,India,Jaipur,Dev appliance repair,,,,,9602001469,Dev appliance repair,Services,,0.15,20,3,46,281,1,29,0.15000000000000024,Low Probability Tier (Priority 3)
277,India,Jaipur,Ms Air Cooling System ( led tv repair Jaipur & led tv installation Services Jaipur),,,,,9783831570,Ms Air Cooling System ( led tv repair Jaipur & led tv installation Services Jaipur),Services,,0.15,83,15,46,281,1,29,0.15000000000000024,Low Probability Tier (Priority 3)
278,India,Jaipur,Sharma Electrician Jaipur - LED TV Repair & Services Center,,,,,9413205420,Sharma Electrician Jaipur - LED TV Repair & Services Center,Services,,0.15,59,10,46,281,1,29,0.15000000000000024,Low Probability Tier (Priority 3)
279,India,Jaipur,Prashant Electrical and Electrician store,,,,,8107436717,Prashant Electrical and Electrician store,Services,,0.15,41,5,46,281,1,29,0.15000000000000024,Low Probability Tier (Priority 3)
280,India,Jaipur,"Washing Machine Repairing Center - LG, Samsung, Whirlpool Washing Machine | Washing Machine Services Center in Jaipur",,,,,9116668998,"Washing Machine Repairing Center - LG, Samsung, Whirlpool Washing Machine | Washing Machine Services Center in Jaipur",Services,,0.15,117,17,46,281,1,29,0.15000000000000024,Low Probability Tier (Priority 3)
281,India,Jaipur,"Ac Services, repairing / split AC window AC repair Services near me in Jaipur,",,,,,9772891263,"Ac Services, repairing / split AC window AC repair Services near me in Jaipur,",Services,,0.15,78,14,46,281,1,29,0.15000000000000024,Low Probability Tier (Priority 3)
282,India,Jaipur,Ac repairing & Services / split AC window AC repair Services in Jaipur,,,,,9358267141,Ac repairing & Services / split AC window AC repair Services in Jaipur,Services,,0.15,70,13,46,281,1,29,0.15000000000000024,Low Probability Tier (Priority 3)
283,India,Jaipur,Fridge Repair and AC Repair,,,,,9314619486,Fridge Repair and AC Repair,Services,,0.15,27,5,46,281,1,29,0.15000000000000024,Low Probability Tier (Priority 3)
284,India,Jaipur,Tv Services Jaipur-Led Tv Smart Tv Repair Services center,,,,,7222000044,Tv Services Jaipur-Led Tv Smart Tv Repair Services center,Services,,0.15,57,9,46,281,1,29,0.15000000000000024,Low Probability Tier (Priority 3)
285,India,Jaipur,Jaipur Refrigeration Centre,,,,,7222834578,Jaipur Refrigeration Centre,Services,,0.15,27,3,46,281,1,29,0.15000000000000024,Low Probability Tier (Priority 3)
286,India,Jaipur,MS TECHNO CARE ( Led Tv Repair Jaipur & Installation Services Jaipur ),,,,,7976169673,MS TECHNO CARE ( Led Tv Repair Jaipur & Installation Services Jaipur ),Services,,0.15,70,13,46,281,1,29,0.15000000000000024,Low Probability Tier (Priority 3)
287,India,Jaipur,Home Services,,,,,7742389100,Home Services,Services,,0.15,13,2,46,281,1,29,0.15000000000000024,Low Probability Tier (Priority 3)
288,India,Jaipur,Mahesh AC Repair Services,,,,,9460338361,Mahesh AC Repair Services,Services,,0.15,25,4,46,281,1,29,0.15000000000000024,Low Probability Tier (Priority 3)
289,India,Jaipur,Technical Force Multi Services,,,,,7424874444,Technical Force Multi Services,Water Purification Company,,0.15,30,4,1,281,1,34,0.15000000000000024,Low Probability Tier (Priority 3)
290,India,Jaipur,"Janta Crockery Store (Kitchen appliances Repair , Sales and exchange) since 1961",,,,,9680433768,"Janta Crockery Store (Kitchen appliances Repair , Sales and exchange) since 1961",Countertop Store,,0.15,80,12,2,281,1,3,0.30799999999999966,Low Probability Tier (Priority 3)
291,India,Jaipur,Rahul Aircon,,,,,8949586459,Rahul Aircon,Services,,0.15,12,2,46,281,1,29,0.15000000000000024,Low Probability Tier (Priority 3)
292,India,Jaipur,IFB Services Center in Jaipur,,,,,7068566013,IFB Services Center in Jaipur,Services,,0.15,29,5,46,281,1,29,0.15000000000000024,Low Probability Tier (Priority 3)
293,India,Jaipur,Gama Electrician PCB repairing,,,,,9414046400,Gama Electrician PCB repairing,Electrician Store,,0.55,30,4,30,281,1,5,0.5499999999999992,Medium Probability Tier (Priority 2)
294,India,Jaipur,Lalit Grocery Store,,,,,9024544446,Lalit Grocery Store,Grocery Store,,0.85,19,3,14,281,1,11,0.8499999999999993,High Probability Tier (Priority 1)
295,India,Jaipur,Gupta Grocery Store,,,,,9928441101,Gupta Grocery Store,Store,,0.15,19,3,22,281,1,31,0.15000000000000024,Low Probability Tier (Priority 3)
296,India,Jaipur,National Kirana and Grocery Store,,,,,7357050712,National Kirana and Grocery Store,Grocery Store,,0.85,33,5,14,281,1,11,0.8499999999999993,High Probability Tier (Priority 1)
297,India,Jaipur,Jyoti Grocery Store,,,,,7062714747,Jyoti Grocery Store,Grocery Store,,0.85,19,3,14,281,1,11,0.8499999999999993,High Probability Tier (Priority 1)
298,India,Jaipur,Jain Kirana & Grocery Store.,,,,,9352021660,Jain Kirana & Grocery Store.,Grocery Store,,0.85,28,5,14,281,1,11,0.8499999999999993,High Probability Tier (Priority 1)
299,India,Jaipur,Vaishali Grocery & Grocery Store,,,,,9024733752,Vaishali Grocery & Grocery Store,Grocery Store,,0.85,32,5,14,281,1,11,0.8499999999999993,High Probability Tier (Priority 1)
